date, pm25, pm10, o3, no2, so2, co
30/07/2016,61,19,17,15,8,6
31/07/2016,68,24,25,13,7,6
01/08/2016,60,20,26,14,2,6
02/08/2016,68,25,21,14,7,6
03/08/2016,70,26,23,16,2,6
04/08/2016,66,24,22,17,3,5
05/08/2016,79,35,21,20,4,6
06/08/2016,72,25,28,18,2,6
07/08/2016,68,16,3,19,1,5
08/08/2016,59, , , , , 
09/08/2016,74,25,20,14,2,6
10/08/2016,92,35,22,17,4,7
11/08/2016,75,37,16,13,5,6
12/08/2016,63,24,17,12,2,4
13/08/2016,65,25,16,13,3,4
14/08/2016,68,28,15,11,2,5
15/08/2016,68,29,12,15,2,6
16/08/2016,68,29,18,14,2,6
17/08/2016,75,40,21,13,3,5
18/08/2016,85,45,17,19,4,6
19/08/2016,81,42,15,18,2,6
20/08/2016,73,37,20,12,3,6
21/08/2016,79,43,30,15,3,6
22/08/2016,72,34,20,14,2,7
23/08/2016,74,34,22,16,2,10
24/08/2016,78,21,25,16,2,8
25/08/2016,81,25,29,19,3,11
26/08/2016,74,22,29,17,3,10
27/08/2016,63,19,21,11,2,7
28/08/2016,66,19,27,19,2,4
29/08/2016,57,23,14,12,1,2
30/08/2016,53,25,7,7, , 
31/08/2016,57,32,8,6,1, 
01/09/2016,63,36,8,8,1, 
02/09/2016,62,29,9,8,2, 
03/09/2016,49,17,17,7, , 
04/09/2016,49,16,13,7,1, 
05/09/2016,50,18,9,8,3, 
06/09/2016,54,17,14,7,1, 
07/09/2016,56,21,8,8,1, 
08/09/2016,62,27,13,9,1, 
09/09/2016,79,35,15,12,1, 
10/09/2016,62,26,14,9,1, 
11/09/2016,63,27,9,8, , 
12/09/2016,63,32,5,10,1, 
13/09/2016,67,32,8,11,1, 
14/09/2016,59,24,11,9,1, 
15/09/2016,77,32,13,10,1, 
16/09/2016,61,28,9,16,1, 
17/09/2016,65,18,13,10,1, 
18/09/2016,49,19,11,9, , 
19/09/2016,60,25,14,15, , 
20/09/2016,87,40,3,20,1, 
21/09/2016,84,29,7,15,1, 
22/09/2016,92,35,13,15, , 
23/09/2016,97,37,9,18,1, 
24/09/2016,88,38,18,15,1, 
25/09/2016,54,20,19,10,1, 
26/09/2016,52,29,18,11,1, 
27/09/2016,46,21,10,11,1, 
28/09/2016,54,22,18,9,1, 
29/09/2016,51,22,16,9,1, 
30/09/2016,49,21,15,11,1, 
01/10/2016,50,22,8,11, , 
02/10/2016,73,26,12,12,1, 
03/10/2016,60,27,13,14,1, 
04/10/2016,66,31,9,20,1, 
05/10/2016,83,30,7,13, , 
06/10/2016,87,24,9,10, , 
07/10/2016,69,22,9,9, , 
08/10/2016,65,23,10,12, , 
09/10/2016,69,26,13,12,1, 
10/10/2016,67,39,14,16,1, 
11/10/2016,87,45,14,16,1, 
12/10/2016,97,55,21,18,1, 
13/10/2016,121,50,21,15,1, 
14/10/2016,115,45,20,16,1, 
15/10/2016,100,32,6,14, , 
16/10/2016,82,41,8,19,1, 
17/10/2016,95,66,22,21,1, 
18/10/2016,161,44,14,16,1, 
19/10/2016,96,27,12,12,1, 
20/10/2016,66,27,12,11,1, 
21/10/2016,74,26,11,11,1, 
22/10/2016,74,27,17,9,1, 
23/10/2016,80,40,20,9,1, 
24/10/2016,98,38,13,15,1, 
25/10/2016,97,36,9,11, , 
26/10/2016,83,31,8,9,2, 
27/10/2016,70,41,15,13, , 
28/10/2016,83,36,6,13, , 
29/10/2016,77,27,11,7, , 
30/10/2016,76,29,10,9, , 
31/10/2016,62,34,9,8, , 
01/11/2016,68,25,14,7, , 
02/11/2016,66,37,12,17, , 
03/11/2016,89,51,21,21,1, 
04/11/2016,110,68,25,19,1, 
05/11/2016,141,75,22,20,1, 
06/11/2016,160,76,13,21,1, 
07/11/2016,166,35,12,12, , 
08/11/2016,96,37,10,13,1, 
09/11/2016,109,36,12,13, , 
10/11/2016,90,35,17,14,1, 
11/11/2016,79,45,15,18,1, 
12/11/2016,77,32,13,11, , 
13/11/2016,68,46,15,17,1, 
14/11/2016,89,43,14,16,1, 
15/11/2016,71,36,15,16,1, 
16/11/2016,73,46,15,16,1, 
17/11/2016,92,52,17,18,1, 
18/11/2016,94,46,14,16,1, 
19/11/2016,126,49,18,15,1, 
20/11/2016,113,64,16,20,1, 
21/11/2016,142,58,21,14,1, 
22/11/2016,134,62,22,14,1, 
23/11/2016,132,35,11,14,1, 
24/11/2016,95,42,9,20,1, 
25/11/2016,103,36,15,14, , 
26/11/2016,93,22,16,10, , 
27/11/2016,63,26,12,10, , 
28/11/2016,71,41,17,15,1, 
29/11/2016,100,51,22,20,1, 
30/11/2016,116,43,20,16,1, 
01/12/2016,87,47,21,15,1, 
02/12/2016,95,47,19,17,1, 
03/12/2016,105,44,16,15,1, 
04/12/2016,97,42,15,14,1, 
05/12/2016,109,41,13,14,1, 
06/12/2016,113,63,17,17,1, 
07/12/2016,145,68,12,28,2, 
08/12/2016,151,66,23,23,1, 
09/12/2016,144,69,20,21,1, 
10/12/2016,148,78,22,21,2, 
11/12/2016,174,72,17,18,1, 
12/12/2016,164,69,14,25,2, 
13/12/2016,160,66,11,21,1, 
14/12/2016,153,33,11,12,1, 
15/12/2016,85,34,9,15,1, 
16/12/2016,85,47,21,21,2, 
17/12/2016,114,57,24,21,2, 
18/12/2016,139,61,23,24,2, 
19/12/2016,143,60,18,24,2, 
20/12/2016,148,63,15,31,2, 
21/12/2016,159,43,11,15,1, 
22/12/2016,107,40,11,12,1, 
23/12/2016,90,49,14,20,1, 
24/12/2016,104,60,23,26,1, 
25/12/2016,138,57,19,22,2, 
26/12/2016,154,41,15,13, , 
27/12/2016,98,39,18,11,1, 
28/12/2016,92,60,18,18,1, 
29/12/2016,136,57,20,15,1, 
30/12/2016,135,50,21,11,1, 
31/12/2016,116, , , , , 
01/01/2017, ,30,18,9,1, 
02/01/2017,85,36,12,12,1, 
03/01/2017,104,40,11,12,1, 
04/01/2017,109,58,13,15,1, 
05/01/2017,126,52,9,13,1, 
06/01/2017,120,55,12,16,2, 
07/01/2017,130,52,4,14,1, 
08/01/2017,138,41,3,13,1, 
09/01/2017,115,49,3,18,1, 
10/01/2017,153,29,7,11,1, 
11/01/2017,88,27,7,9,1, 
12/01/2017,74,38,18,15,2, 
13/01/2017,87,52,27,16,2, 
14/01/2017,114,62,28,15,1, 
15/01/2017,141,47,26,13,1, 
16/01/2017,113,40,14,15,1, 
17/01/2017,100,48,15,17,1, 
18/01/2017,109,53,22,18,1, 
19/01/2017,124,49,17,13,1, 
20/01/2017,106,47,20,9,1, 
21/01/2017,102,40,19,9, , 
22/01/2017,92,46,23,10,1, 
23/01/2017,102,57,26,16,1, 
24/01/2017,121,63,27,20,1, 
25/01/2017,139,46,20,15,1, 
26/01/2017,104,48,23,14,1, 
27/01/2017,107,53,29,13,1, 
28/01/2017,116,64,33,22,2, 
29/01/2017,143,62,25,20,1, 
30/01/2017,138,59,20,20,1, 
31/01/2017,133,59,23,19,1, 
01/02/2017,131,61,21,16,1, 
02/02/2017,137,28,9,12,1, 
03/02/2017,74,47,26,19,1, 
04/02/2017,105,61,33,21,2, 
05/02/2017,139,71,37,29,2, 
06/02/2017,156,58,32,16,2, 
07/02/2017,134,44,28,13,1, 
08/02/2017,105,58,30,20,3, 
09/02/2017,134,59,25,15,1, 
10/02/2017,132,62,25,10,1, 
11/02/2017,137,54,28,10,1, 
12/02/2017,132,61,25,11,1, 
13/02/2017,151,69,25,17,1, 
14/02/2017,161,67,20,18,1, 
15/02/2017,149,66,28,23,1, 
16/02/2017,144,67,27,22,1, 
17/02/2017,140,73,27,25,4, 
18/02/2017,154,80,42,26,2, 
19/02/2017,168,63,27,12,1, 
20/02/2017,145,51,23,10,1, 
21/02/2017,128,36,13,7,2, 
22/02/2017,93,26,11,7,1, 
23/02/2017,72,24,9,7,1, 
24/02/2017,60,26,10,8,1, 
25/02/2017,65,35,10,10,1, 
26/02/2017,82,52,21,15,1, 
27/02/2017,109,71,24,19,1, 
28/02/2017,157,69,26,20,2, 
01/03/2017,156,71,22,21,2, 
02/03/2017,157,77,30,26,2, 
03/03/2017,162,60,22,10,1, 
04/03/2017,140,51,16,8,1, 
05/03/2017,113,47,26,10,1, 
06/03/2017,110,42,11,9,1, 
07/03/2017,93,41,12,8,1, 
08/03/2017,98,41,13,10,1, 
09/03/2017,95,32,10,8,1, 
10/03/2017,78,35,11,8,1, 
11/03/2017,80,38,13,9,1, 
12/03/2017,82,48,25,15,1, 
13/03/2017,106,38,11,10,1, 
14/03/2017,88,37,11,11,2, 
15/03/2017,82,36,11,10,1, 
16/03/2017,83,36,10,11, , 
17/03/2017,87,24,8,7, , 
18/03/2017,67,21,8,6,1, 
19/03/2017,60,20,7,7,1, 
20/03/2017,62,36,22,10,1, 
21/03/2017,85,38,19,9,1, 
22/03/2017,85,25,9,6, , 
23/03/2017,68,23,8,7, , 
24/03/2017,66,32,13,10,1, 
25/03/2017,76,34,13,8, , 
26/03/2017,81,32,9,13, , 
27/03/2017,91,43,26,14, , 
28/03/2017,106,40,17,17,1, 
29/03/2017,100,37,18,11,3, 
30/03/2017,88,19,10,8, , 
31/03/2017,67,29,15,16, , 
01/04/2017,81,34,20,11,1, 
02/04/2017,92,52,26,21,1, 
03/04/2017,129,57,23,21,1, 
04/04/2017,140,58,21,25,1, 
05/04/2017,129,44,19,15,1, 
06/04/2017,107,29,13,13,2, 
07/04/2017,71,23,13,8,3, 
08/04/2017,56,17,10,6,5, 
09/04/2017,58,17,9,6,4, 
10/04/2017,56,17,7,6,3, 
11/04/2017,47,12,8,5,4, 
12/04/2017,38,13,12,6, , 
13/04/2017,50,21,18,7, , 
14/04/2017,67,20,16,6, , 
15/04/2017,66,23,13,5, , 
16/04/2017,62,28,14,7, , 
17/04/2017,75,24,14,8, , 
18/04/2017,59,18,16,6, , 
19/04/2017,55,31,20,9,1, 
20/04/2017,71,50,30,12,1, 
21/04/2017,96,65,40,12,1, 
22/04/2017,131,63,28,8, , 
23/04/2017,131,61,27,9, , 
24/04/2017,117,54,24,9,1, 
25/04/2017,102,54,22,12,3, 
26/04/2017,99,51,21,11,3, 
27/04/2017,98,50,13,12,1, 
28/04/2017,97,44,23,14,2, 
29/04/2017,102,45,21,12,3, 
30/04/2017,101,23,12,6,3, 
01/05/2017,61,27,12,9,3, 
02/05/2017,63,29,12,7,3, 
03/05/2017,71,33,11,7,3, 
04/05/2017,74,30,19,17,2, 
05/05/2017,73,51,30,25,3, 
06/05/2017,111,22,28,9,3, 
07/05/2017,71,29,15,14,2, 
08/05/2017,75,31,16,13, , 
09/05/2017,69,32,14,15, , 
10/05/2017,85,32,16,13, , 
11/05/2017,80,32,5,16, , 
12/05/2017,78,34,5,15, , 
13/05/2017,83,24,9,10, , 
14/05/2017,64,22,9,10, , 
15/05/2017,52,23,10,12,1, 
16/05/2017,62,20,5,10, , 
17/05/2017,53,30,13,9, , 
18/05/2017,62,40,10,13, , 
19/05/2017,85,49,23,14,1, 
20/05/2017,92,39,17,8,1, 
21/05/2017,77,44,16,10,1, 
22/05/2017,81,42,11,9, , 
23/05/2017,78,34,13,13, , 
24/05/2017,71,26,28,16,2, 
25/05/2017,70,30,9,15, , 
26/05/2017,69,32,10,20, , 
27/05/2017,82,25,10,12, , 
28/05/2017,67,26,7,10, , 
29/05/2017,67,28,5,11, , 
30/05/2017,72,30,11,13, , 
31/05/2017,77,30,8,10,1, 
01/06/2017,69,29,13,10, , 
02/06/2017,65,19,9,7, , 
03/06/2017,46,17,7,9, , 
04/06/2017,52,22,8,9, , 
05/06/2017,56,21,11,10, , 
06/06/2017,51,25,8,12, , 
07/06/2017,56,27,9,13,2, 
08/06/2017,56,29,6,8, , 
09/06/2017,55,35,8,8, , 
10/06/2017,62,49,10,10,1, 
11/06/2017,77,48,13,10,1, 
12/06/2017,85,41,21,11,1, 
13/06/2017,75,31,12,9,1, 
14/06/2017,60,57,11,10,1, 
15/06/2017,88,54,12,10, , 
16/06/2017,85,45,12,9, , 
17/06/2017,78,31,14,7, , 
18/06/2017,63,33,12,10,1, 
19/06/2017,68,33,15,12, , 
20/06/2017,73,39,12,10,1, 
21/06/2017,72,30,11,10, , 
22/06/2017,68,23,13,9, , 
23/06/2017,58,25,12,8, , 
24/06/2017,59,18,12,9, , 
25/06/2017,59,24,9,9, , 
26/06/2017,63,25,14,10, , 
27/06/2017,65,25,18,9, , 
28/06/2017,60,35,14,11, , 
29/06/2017,70,32,4,10,1, 
30/06/2017,68,31,6,9, , 
01/07/2017,66,32,9,8,1, 
02/07/2017,68,29,9,9, , 
03/07/2017,64,32,5,8,1, 
04/07/2017,66,32,7,9,1, 
05/07/2017,64,29,11,9,2, 
06/07/2017,66,19,7,7,1, 
07/07/2017,48,24,7,9,1, 
08/07/2017,65,22,13,6,1, 
09/07/2017,57,28,12,11,1, 
10/07/2017,65,29,11,8,1, 
11/07/2017,74,24,8,10,1, 
12/07/2017,71,20,6,8,1, 
13/07/2017,62,25,8,9,1, 
14/07/2017,68,27,14,10,1, 
15/07/2017,74,21,11,7,1, 
16/07/2017,65,23,8,8, , 
17/07/2017,66,29,10,8,1, 
18/07/2017,71,24,5,8,1, 
19/07/2017,67,25,7,9,1, 
20/07/2017,71,27,13,9,1, 
21/07/2017,70,23,14,8, , 
22/07/2017,62,24,13,7,1, 
23/07/2017,65,25,10,7, , 
24/07/2017,70,24,7,7,1, 
25/07/2017,63,21,5,6, , 
26/07/2017,63,24,10,9,1, 
27/07/2017,70,23,13,8, , 
28/07/2017,63,32,10,10,1, 
29/07/2017,74,40,15,7, , 
30/07/2017,81,46,15,7,1, 
31/07/2017,80,51,17,8,1, 
01/08/2017,90,40,14,9,1, 
02/08/2017,78,39,5,10,1, 
03/08/2017,85,34,7,8,1, 
04/08/2017,70,29,6,7,1, 
05/08/2017,69,30,6,8,1, 
06/08/2017,69,26,7,9,1, 
07/08/2017,70,27,7,10,1, 
08/08/2017,67,28,12,10,1, 
09/08/2017,69,28,13,10,1, 
10/08/2017,70,26,9,8,1, 
11/08/2017,58,19,19,7,1, 
12/08/2017,54,19,22,7, , 
13/08/2017,54,27,20,9, , 
14/08/2017,60,22,9,8, , 
15/08/2017,55,24,6,9,1, 
16/08/2017,62,19,4,8, , 
17/08/2017,56,31,13,11,1, 
18/08/2017,72,39,11,8, , 
19/08/2017,59,20,7,6, , 
20/08/2017,45,16,13,6,1, 
21/08/2017,53,23,16,5,2, 
22/08/2017,62,27,16,6,2, 
23/08/2017,63,23,10,8,3, 
24/08/2017,68,19,10,8,2, 
25/08/2017,58,25,9,9,1, 
26/08/2017,65,22,9,7,24, 
27/08/2017,55,26,13,8, , 
28/08/2017,65,38,4,13,1, 
29/08/2017,81,40,14,9,1, 
30/08/2017,78,28,15,10,1, 
31/08/2017,72,30,19,8,1, 
01/09/2017,69,32,9,8,1, 
02/09/2017,66,24,9,6,1, 
03/09/2017,57,22,13,7, , 
04/09/2017,55,23,7,8,1, 
05/09/2017,53,13,1,6,1, 
06/09/2017,56, , , , , 
08/09/2017, ,19,7,7,1, 
09/09/2017,76,31,4,16,1, 
10/09/2017,116,43,6,16,1, 
11/09/2017,120,43,7,26,1, 
12/09/2017,113,43,6,26, , 
13/09/2017,108,35,18,12, , 
14/09/2017,77,30,17,12, , 
15/09/2017,69,23,6,9, , 
16/09/2017,57,16,4,7, , 
17/09/2017,44,25,9,9, , 
18/09/2017,58,29,12,10,1, 
19/09/2017,68,38,7,15,1, 
20/09/2017,76,49,30,18,1, 
21/09/2017,113,36,10,20,1, 
22/09/2017,82,35,9,18,1, 
23/09/2017,83,31,13,13, , 
24/09/2017,82,26,10,10, , 
25/09/2017,58,21,8,9,1, 
26/09/2017,51,28,19,15,1, 
27/09/2017,71,25,15,11, , 
28/09/2017,66,30,13,13,1, 
29/09/2017,77,44,15,19,19, 
30/09/2017,98,44,7,19,1, 
01/10/2017,108,34,3,16, , 
02/10/2017,85,32,5,15, , 
03/10/2017,78,30,6,11,1, 
04/10/2017,71,31,7,12,1, 
05/10/2017,73,40,7,12,1, 
06/10/2017,76, , , , , 
07/10/2017, ,42,13,16,1, 
08/10/2017,85,31,16,13, , 
09/10/2017,70,42,12,19,1, 
10/10/2017,89,35,7,14,1, 
11/10/2017,79,53,11,24,1, 
12/10/2017,116,62,9,22,1, 
13/10/2017,140,37,12,16, , 
14/10/2017,88,31,10,9,1, 
15/10/2017,71,28,10,11,1, 
16/10/2017,62,35,9,12,1, 
17/10/2017,68,35,5,17,1, 
18/10/2017,81,32,7,13,1, 
19/10/2017,79,26,11,11, , 
20/10/2017,69,48,10,16,1, 
21/10/2017,110,33,16,14, , 
22/10/2017,98,22,16,10, , 
23/10/2017,66,23,14,15, , 
24/10/2017,70,35,17,17,1, 
25/10/2017,86,45,21,19,1, 
26/10/2017,107,50,21,25,1, 
27/10/2017,130,51,23,14,1, 
28/10/2017,119,57,22,11, , 
29/10/2017,149,59,25,11,1, 
30/10/2017,139,58,28,15, , 
31/10/2017,133,61,21,18,1, 
01/11/2017,147,58,24,19,1, 
02/11/2017,118,59,27,19, , 
03/11/2017,116,67,28,19,1, 
04/11/2017,135,53,22,9,1, 
05/11/2017,95,63,20,17,1, 
06/11/2017,132,52,24,14,1, 
07/11/2017,115,52,17,20,1, 
08/11/2017,113,44,18,18,1, 
09/11/2017,94,44,14,16,1, 
10/11/2017,94,35,6,13,1, 
11/11/2017,76,37,18,13,1, 
12/11/2017,87,47,18,17,2, 
13/11/2017,100,48,18,21,2, 
14/11/2017,115,43,17,21,1, 
15/11/2017,115,34,8,15,1, 
16/11/2017,80,52,10,21,1, 
17/11/2017,105,66,17,24,1, 
18/11/2017,139,49,13,19,1, 
19/11/2017,115,29,8,15,1, 
20/11/2017,77,27,11,12,1, 
21/11/2017,72,34,15,16,1, 
22/11/2017,88,28,17,15,1, 
23/11/2017,69,33,20,14, , 
24/11/2017,78,47,23,21,1, 
25/11/2017,95,46,24,18,1, 
26/11/2017,97,43,19,20,1, 
27/11/2017,93,46,18,18,1, 
28/11/2017,105,37,20,17,1, 
29/11/2017,95,39,19,20,1, 
30/11/2017,96,45,18,18,1, 
01/12/2017,103,45,23,20,1, 
02/12/2017,101,39,23,20,1, 
03/12/2017,93,39,24,17,1, 
04/12/2017,88,34,16,12,1, 
05/12/2017,84,48,24,17,1, 
06/12/2017,106,52,25,18,1, 
07/12/2017,118,54,23,18,1, 
08/12/2017,114,40,26,13,1, 
09/12/2017,95,62,35,24,2, 
10/12/2017,142,76,32,31,2, 
11/12/2017,164,58,19,18,2, 
12/12/2017,125,50,17,19,1, 
13/12/2017,107,48,14,19,2, 
14/12/2017,108,59,20,21,2, 
15/12/2017,124,50,21,14,1, 
16/12/2017,113,26,22,7,1, 
17/12/2017,67,50,26,11,1, 
18/12/2017,108,63,25,15,1, 
19/12/2017,129,71,25,20,2, 
20/12/2017,140,70,25,21,2, 
21/12/2017,151,72,27,21,2, 
22/12/2017,157,75,36,24,2, 
23/12/2017,161,70,31,19,2, 
24/12/2017,142,50,20,18,1, 
25/12/2017,102,69,14,19,1, 
26/12/2017,160,45,9,17,1, 
27/12/2017,144,30,12,13, , 
28/12/2017,96,33,21,12, , 
29/12/2017,84,33,23,14,1, 
30/12/2017,87,34,18,13, , 
31/12/2017,82,35,23,12,1, 
01/01/2018,94,43,26,13, , 
02/01/2018,103,56,22,20,1, 
03/01/2018,129,63,27,20,1, 
04/01/2018,132,70,35,26,1, 
05/01/2018,145,66,28,24,2, 
06/01/2018,136,29,14,10, , 
07/01/2018,70,27,10,11,3, 
08/01/2018,61,34,14,15,1, 
09/01/2018,72,23,9,13,1, 
10/01/2018,66,58,12,19, , 
11/01/2018,107,59,18,19,1, 
12/01/2018,122,65,20,22,1, 
13/01/2018,136,65,23,20,1, 
14/01/2018,134,75,22,23,1, 
15/01/2018,153,82,29,31,2, 
16/01/2018,160,96,35,33,3, 
17/01/2018,174,78,25,26,2, 
18/01/2018,148,77,23,26,2, 
19/01/2018,140,74,21,23,2, 
20/01/2018,143,89,26,33,2, 
21/01/2018,167,93,23,32,2, 
22/01/2018,183,79,19,28,2, 
23/01/2018,166,75,12,24,1, 
24/01/2018,172,49,9,15,2, 
25/01/2018,101,33,11,12,1, 
26/01/2018,76,28,8,10,1, 
27/01/2018,73,29,7,9,1, 
28/01/2018,70,32,10,10,1, 
29/01/2018,75,31,11,10,1, 
30/01/2018,77,31,8,11, , 
31/01/2018,82,52,24,13, , 
01/02/2018,114,64,23,16,1, 
02/02/2018,148,70,17,18,1, 
03/02/2018,145,73,29,18,1, 
04/02/2018,160,74,30,19,1, 
05/02/2018,163,69,31,15,1, 
06/02/2018,153,88,39,27,2, 
07/02/2018,173,85,34,23,2, 
08/02/2018,170,67,23,16,3, 
09/02/2018,143,62,23,14,4, 
10/02/2018,138,63,21,16,5, 
11/02/2018,141,71,27,14,4, 
12/02/2018,153,66,30,17,3, 
13/02/2018,145,89,41,38,6, 
14/02/2018,170,75,32,20,6, 
15/02/2018,156,63,19,14,4, 
16/02/2018,141,60,15,13,1, 
17/02/2018,137,55,17,7,1, 
18/02/2018,124,51,11,10,1, 
19/02/2018,110,26,7,8,1, 
20/02/2018,61,34,10,8,2, 
21/02/2018,76,43,13,9,4, 
22/02/2018,86,44,15,16,3, 
23/02/2018,101,58,20,19,4, 
24/02/2018,122,58,17,20,4, 
25/02/2018,112,57,24,16,6, 
26/02/2018,131,49,14,15,6, 
27/02/2018,99,60,22,19,8, 
28/02/2018,120,45,15,9,8, 
01/03/2018,87,41,11,9,10, 
02/03/2018,83,29,10,8,12, 
03/03/2018,64,27,11,7,14, 
04/03/2018,61,28,12,8,15, 
05/03/2018,55,29,14,10,19, 
06/03/2018,62,31,9,9,24, 
07/03/2018,65,44,13,12,32, 
08/03/2018,87,42,8,12,51, 
09/03/2018,96,65,18,20,42, 
10/03/2018,127,75,31,22,39, 
11/03/2018,156,89,29,26,65, 
12/03/2018,167,58,21,12,23, 
13/03/2018,124,48,14,10, , 
14/03/2018,95,42,14,9, , 
15/03/2018,89,42,11,9, , 
16/03/2018,88,30,12,8, , 
17/03/2018,74,24,12,6, , 
18/03/2018,68,26,10,7, , 
19/03/2018,66,37,19,10, , 
20/03/2018,83,41,14,12, , 
21/03/2018,86,48,19,16, , 
22/03/2018,112,60,25,14, , 
23/03/2018,138,67,26,19, , 
24/03/2018,143,58,20,13, , 
25/03/2018,124,56,15,11, , 
26/03/2018,101,58,19,17, , 
27/03/2018,123,51,13,10, , 
28/03/2018,101,46,14,10, , 
29/03/2018,91,54,13,9, , 
30/03/2018,95,52,10,14, , 
31/03/2018,102,60,12,18, , 
01/04/2018,124,58,16,17, , 
02/04/2018,123,55,30,17, , 
03/04/2018,120,47,14,10, , 
04/04/2018,91,55,16,11, , 
05/04/2018,97,60,28,13, , 
06/04/2018,123,30,15,9, , 
07/04/2018,65,45,25,14, , 
08/04/2018,83,69,28,22,1, 
09/04/2018,121,73,39,24,2, 
10/04/2018,141,48,23,9,1, 
11/04/2018,90,36,16,6, , 
12/04/2018,67,31,14,5,1, 
13/04/2018,66,30,14,4, , 
14/04/2018,68,29,14,5,1, 
15/04/2018,66,36,27,8,1, 
16/04/2018,81,28,11,11, , 
17/04/2018,62,44,37,16,1, 
18/04/2018,87,33,22,10,1, 
19/04/2018,73,33,13,7,1, 
20/04/2018,67,34,15,7,1, 
21/04/2018,72,29,13,5,1, 
22/04/2018,63,42,28,9,1, 
23/04/2018,83,36,14,7,1, 
24/04/2018,75,45,14,10,1, 
25/04/2018,84,38,10,11,1, 
26/04/2018,74,36,22,16,1, 
27/04/2018,74,27,4,17,1, 
28/04/2018,64,36,16,12,1, 
29/04/2018,76,28,3,11,1, 
30/04/2018,63,19,12,9,1, 
01/05/2018,47,25,10,10, , 
02/05/2018,46,36,12,14,1, 
03/05/2018,64,36,19,14,2, 
04/05/2018,69,27,14,11,1, 
05/05/2018,56,25,9,9, , 
06/05/2018,54,31,18,12, , 
07/05/2018,64,38,27,15, , 
08/05/2018,67,34,11,13, , 
09/05/2018,62,30,18,11, , 
10/05/2018,58,33,9,19, , 
11/05/2018,65,46,18,19, , 
12/05/2018,88,37,18,15, , 
13/05/2018,77,34,18,18, , 
14/05/2018,68,44,16,21,1, 
15/05/2018,83,29,13,12, , 
16/05/2018,61,24,11,10, , 
17/05/2018,56,32,8,14, , 
18/05/2018,62,29,15,16, , 
19/05/2018,66,40,24,17, , 
20/05/2018,83,39,8,19, , 
21/05/2018,75,40,8,20, , 
22/05/2018,79,38,23,21, , 
23/05/2018,73,26,8,14, , 
24/05/2018,49,26,12,14, , 
25/05/2018,54,28,7,15,1, 
26/05/2018,58,27,17,11, , 
27/05/2018,62,38,19,18, , 
28/05/2018,75,23,9,9, , 
29/05/2018,50,26,9,11, , 
30/05/2018,54,39,12,17, , 
31/05/2018,72,32,10,13,2, 
01/06/2018,63,30,14,13,1, 
02/06/2018,60,26,15,9,1, 
03/06/2018,52,24,17,10,1, 
04/06/2018,52,24,13,10,2, 
05/06/2018,47,29,14,11,1, 
06/06/2018,60,25,8,10,1, 
07/06/2018,54,22,8,9,2, 
08/06/2018,48,23,5,8,2, 
09/06/2018,52,25,5,6,2, 
10/06/2018,48,26,5,6,3, 
11/06/2018,48,24,7,6,1, 
12/06/2018,43,26,7,6, , 
13/06/2018,47,27,8,8, , 
14/06/2018,52,29,8,8, , 
15/06/2018,60,32,7,10,1, 
16/06/2018,62,30,15,8, , 
17/06/2018,60,35,14,11,4, 
18/06/2018,71,40,15,10, , 
19/06/2018,78,27,12,8, , 
20/06/2018,57,31,9,8,1, 
21/06/2018,60,49,17,11,1, 
22/06/2018,75,54,14,8,1, 
23/06/2018,76,42,13,8, , 
24/06/2018,67,25,11,11,1, 
25/06/2018,51,30,5,10,1, 
26/06/2018,62,32,2,11,1, 
27/06/2018,64,31,10,13, , 
28/06/2018,65,38,20,14,1, 
29/06/2018,72,28,10,9,1, 
30/06/2018,57,23,16,10, , 
01/07/2018,54,22,9,9, , 
02/07/2018,47,29,11,11,1, 
03/07/2018,58,21,10,8,1, 
04/07/2018,52,24,11,11,1, 
05/07/2018,52,27,9,10,1, 
06/07/2018,59,34,10,11,1, 
07/07/2018,67,51,9,10,1, 
08/07/2018,77,42,11,9,1, 
09/07/2018,69,42,10,12,1, 
10/07/2018,78,28,8,10, , 
11/07/2018,56,25,10,11,1, 
12/07/2018,59,25,12,10,1, 
13/07/2018,59,34,10,11,1, 
14/07/2018,73,34,10,9,1, 
15/07/2018,67,47,10,13,1, 
16/07/2018,71,47,5,16, , 
17/07/2018,74,35,11,14,1, 
18/07/2018,55,32,9,13,1, 
19/07/2018,55,39,6,9,3, 
20/07/2018,62,45,8,11, , 
21/07/2018,70,38,9,11, , 
22/07/2018,67,43,9,11, , 
23/07/2018,71,44,8,10,1, 
24/07/2018,79,46,7,9,1, 
25/07/2018,76,41,7,9,1, 
26/07/2018,69,42,8,7,1, 
27/07/2018,72,34,8,6, , 
28/07/2018,63,35,6,7, , 
29/07/2018,68,36,4,8,1, 
30/07/2018,67,39,8,10,1, 
31/07/2018,70,35,11,10,1, 
01/08/2018,69,37,10,10,1, 
02/08/2018,68,35,12,9,1, 
03/08/2018,66,32,11,9,1, 
04/08/2018,57,30,11,8, , 
05/08/2018,57,29,7,10, , 
06/08/2018,62,41,6,11,1, 
07/08/2018,70,44,9,11,3, 
08/08/2018,77,40,9,10,1, 
09/08/2018,67,31,14,10,1, 
10/08/2018,64,25,8,8, , 
11/08/2018,52,22,10,6, , 
12/08/2018,48,31,7,5, , 
13/08/2018,59,31,9,6, , 
14/08/2018,56,28,7,8, , 
15/08/2018,54,30,8,8, , 
16/08/2018,59,23,9,8,1, 
17/08/2018,52,20,9,6,1, 
18/08/2018,38,19,11,6, , 
19/08/2018,39,28,8,6, , 
20/08/2018,54,49,10,9,1, 
21/08/2018,76,42,11,10,1, 
22/08/2018,74,44,11,8,1, 
23/08/2018,76,32,8,9,1, 
24/08/2018,64,24,6,9, , 
25/08/2018,56,23,5,6, , 
26/08/2018,54,25,7,8, , 
27/08/2018,54,35,10,9,1, 
28/08/2018,68,41,9,8,1, 
29/08/2018,77,24,8,7,1, 
30/08/2018,50,27,8,8, , 
31/08/2018,54,29,13,8, , 
01/09/2018,63,32,11,7, , 
02/09/2018,59,25,14,9,1, 
03/09/2018,55,20,9,9,1, 
04/09/2018,47,28,12,10,1, 
05/09/2018,56,35,9,9,1, 
06/09/2018,62,41,15,10, , 
07/09/2018,75,41,10,11, , 
08/09/2018,80,46,15,16, , 
09/09/2018,98,49,23,16, , 
10/09/2018,100,35,12,10,1, 
11/09/2018,63,40,7,10,1, 
12/09/2018,71,39,10,10,1, 
13/09/2018,68,31,6,10, , 
14/09/2018,62,29,22,10, , 
15/09/2018,57,30,19,13, , 
16/09/2018,59,30,13,11,1, 
17/09/2018,57,21,15,8, , 
18/09/2018,49,27,5,11,1, 
19/09/2018,59,43,21,15,1, 
20/09/2018,80,53,17,18,1, 
21/09/2018,89,39,20,14,1, 
22/09/2018,82,31,13,14,1, 
23/09/2018,73,41,3,14,1, 
24/09/2018,76,39,15,13,1, 
25/09/2018,69,27,16,10,1, 
26/09/2018,57,27,12,12,1, 
27/09/2018,50,37,16,17,1, 
28/09/2018,66,45,22,16,1, 
29/09/2018,89,24,21,12, , 
30/09/2018,57,27,14,13,1, 
01/10/2018,61,41,7,17,1, 
02/10/2018,76,60,23,20,1, 
03/10/2018,113,58,29,15, , 
04/10/2018,110,27,17,11,1, 
05/10/2018,62,35,15,14,1, 
06/10/2018,75,38,18,14,1, 
07/10/2018,83,45,14,18,1, 
08/10/2018,94,40,15,18,1, 
09/10/2018,87,50,17,18,1, 
10/10/2018,101,50,19,16,1, 
11/10/2018,93,36,19,11, , 
12/10/2018,69,46,16,18,1, 
13/10/2018,101,41,23,15,1, 
14/10/2018,90,32,16,13,1, 
15/10/2018,73,29,10,11,1, 
16/10/2018,62,33,11,13,1, 
17/10/2018,70,40,12,20,1, 
18/10/2018,78,53,20,25,1, 
19/10/2018,97,45,5,18, , 
20/10/2018,82,20,5,11, , 
21/10/2018,47,31,10,14,1, 
22/10/2018,61,33,10,15, , 
23/10/2018,71,39,12,17,1, 
24/10/2018,79,54,10,20,1, 
25/10/2018,101,45,14,17,1, 
26/10/2018,81,43,14,16,1, 
27/10/2018,86,34,17,12,1, 
28/10/2018,67,48,21,16,1, 
29/10/2018,88,48,22,12, , 
30/10/2018,87,57,27,11, , 
31/10/2018,93,61,29,18,1, 
01/11/2018,111,72,27,28,1, 
02/11/2018,128,77,29,25,2, 
03/11/2018,138,73,32,20,1, 
04/11/2018,139,73,30,22,1, 
05/11/2018,137,66,21,20,1, 
06/11/2018,121,56,15,18,1, 
07/11/2018,95,41,10,11,1, 
08/11/2018,73,37,4,12,1, 
09/11/2018,74,42,8,12,1, 
10/11/2018,81,40,14,14,1, 
11/11/2018,81,61,20,24,1, 
12/11/2018,116,72,14,26,2, 
13/11/2018,140,67,15,23,1, 
14/11/2018,126,68,20,22,2, 
15/11/2018,133,46,14,14,1, 
16/11/2018,88,45,13,17,1, 
17/11/2018,82,56,14,22,1, 
18/11/2018,107,64,15,22,1, 
19/11/2018,118,52,18,22,1, 
20/11/2018,91,59,21,20,1, 
21/11/2018,111,61,16,23,1, 
22/11/2018,113,52,19,17,1, 
23/11/2018,95,53,23,20,1, 
24/11/2018,89,61,23,23,1, 
25/11/2018,113,58,29,21,1, 
26/11/2018,113,52,18,14,1, 
27/11/2018,101,41,15,14,1, 
28/11/2018,80,56,18,20,3, 
29/11/2018,105,67,17,24,2, 
30/11/2018,129,66,17,23,1, 
01/12/2018,129,65,19,19,1, 
02/12/2018,124,57,19,19,1, 
03/12/2018,108,64,19,22,1, 
04/12/2018,122,56,17,15,1, 
05/12/2018,106,55,17,15,1, 
06/12/2018,98,65,16,20,1, 
07/12/2018,123,37,3,12,1, 
08/12/2018,79,47,11,11,1, 
09/12/2018,92,56,15,19,1, 
10/12/2018,97,58,15,21,1, 
11/12/2018,108,45,9,16,1, 
12/12/2018,84,48,15,17,1, 
13/12/2018,83,57,17,22,1, 
14/12/2018,95,58,15,21,1, 
15/12/2018,101,50,17,18,1, 
16/12/2018,91,46,22,17,1, 
17/12/2018,87,55,21,18,1, 
18/12/2018,98,69,25,23,1, 
19/12/2018,137,88,31,33,2, 
20/12/2018,167,87,34,29,2, 
21/12/2018,169,75,30,21,1, 
22/12/2018,143,72,21,16,1, 
23/12/2018,142,66,22,18,1, 
24/12/2018,124,74,19,27,2, 
25/12/2018,141,84,24,31,2, 
26/12/2018,160,83,23,31,2, 
27/12/2018,156,81,28,24,1, 
28/12/2018,162,38,17,10, , 
29/12/2018,97,37,17,12,1, 
30/12/2018,81, , , , , 
31/12/2018, ,38,25,16,1, 
01/01/2019,81,40,22,18,1, 
02/01/2019,88,48,13,21,1, 
03/01/2019,90,55,14,24,1, 
04/01/2019,103,62,6,25,1, 
05/01/2019,117,76,20,20,1, 
06/01/2019,159,74,22,19,1, 
07/01/2019,160,47,14,11,1, 
08/01/2019,90,49,10,20, , 
09/01/2019,92,59,22,23,1, 
10/01/2019,121,85,22,30,1, 
11/01/2019,172,73,23,22,1, 
12/01/2019,153,76,24,22,1, 
13/01/2019,152,78,24,20,1, 
14/01/2019,162,67,20,22,1, 
15/01/2019,146,63,20,20,1, 
16/01/2019,124,67,23,18,1, 
17/01/2019,136,58,20,16,1, 
18/01/2019,112,70,29,20,1, 
19/01/2019,143,62,32,26,1, 
20/01/2019,124,74,30,31,1, 
21/01/2019,158,65,23,19,1, 
22/01/2019,132,64,28,22,1, 
23/01/2019,134,60,27,25,1, 
24/01/2019,136,79,33,31,2, 
25/01/2019,163,73,28,25,1, 
26/01/2019,146,62,28,18,1, 
27/01/2019,135,73,34,29, , 
28/01/2019,157,82,32,38,1, 
29/01/2019,165,94,35,38,2, 
30/01/2019,177,79,24,22,1, 
31/01/2019,167,61,23,14,1, 
01/02/2019,128,57,26,12,1, 
02/02/2019,115,44,17,10,1, 
03/02/2019,94,50,21,10,1, 
04/02/2019,99,48,19,9,1, 
05/02/2019,95,38,13,7,1, 
06/02/2019,77,41,16,9,1, 
07/02/2019,87,43,18,9,1, 
08/02/2019,86,36,12,8,1, 
09/02/2019,73,40,14,6,1, 
10/02/2019,80,41,14,8,1, 
11/02/2019,87,50,20,19,1, 
12/02/2019,101,72,34,17,1, 
13/02/2019,143,50,17,8,1, 
14/02/2019,90,50,17,8,1, 
15/02/2019,92,43,16,7,1, 
16/02/2019,82,36,14,5,1, 
17/02/2019,69,31,13,7,1, 
18/02/2019,66,26,11,7,1, 
19/02/2019,56,26,12,8,1, 
20/02/2019,60,34,16,8,1, 
21/02/2019,74,31,10,8,1, 
22/02/2019,63,37,15,8,1, 
23/02/2019,77,38,14,5,1, 
24/02/2019,75,38,15,6,1, 
25/02/2019,77,38,17,6,1, 
26/02/2019,79,50,19,8,1, 
27/02/2019,96,52,20,7,1, 
28/02/2019,104,50,15,8,1, 
01/03/2019,95,52,16,6,1, 
02/03/2019,100,47,19,5,1, 
03/03/2019,93,40,12,5,1, 
04/03/2019,80,46,17,7,1, 
05/03/2019,98,46,17,9,1, 
06/03/2019,100,29,11,6,1, 
07/03/2019,69,33,12,8,1, 
08/03/2019,76,31,13,6,1, 
09/03/2019,71,31,14,6,2, 
10/03/2019,69,39,26,7,1, 
11/03/2019,75,51,36,13,1, 
12/03/2019,116,42,16,8,1, 
13/03/2019,83,34,12,7,1, 
14/03/2019,72,31,12,6,1, 
15/03/2019,64,47,9,13,1, 
16/03/2019,101,47,16,11,1, 
17/03/2019,102,51,13,11,1, 
18/03/2019,109,45,14,8,1, 
19/03/2019,93,41,11,7,1, 
20/03/2019,90,36,8,8,1, 
21/03/2019,79,47,4,9,1, 
22/03/2019,104,53,3,11,1, 
23/03/2019,111,44,5,5,1, 
24/03/2019,96,34,4,9,1, 
25/03/2019,83,38,5,10,1, 
26/03/2019,77,36,4,6,1, 
27/03/2019,74,41,5,9, , 
28/03/2019,78,40,3,7,1, 
29/03/2019,80,38,4,8,1, 
30/03/2019,81,39,4,7,1, 
31/03/2019,86,38,14,8,1, 
01/04/2019,79,39,16,11,1, 
02/04/2019,77,36,10,10,1, 
03/04/2019,78,37,10,11,1, 
04/04/2019,71,27,10,7,1, 
05/04/2019,63,35,15,7,1, 
06/04/2019,77,28,12,4,1, 
07/04/2019,64,35,20,8,1, 
08/04/2019,75,27,12,3,1, 
09/04/2019,62,31,12,6,1, 
10/04/2019,67,32,10,6,1, 
11/04/2019,67,32,12,6, , 
12/04/2019,69,28,12,5,1, 
13/04/2019,67,24,10,5, , 
14/04/2019,59,20,8,5,1, 
15/04/2019,58,21,10,5,1, 
16/04/2019,59,29,7,6,1, 
17/04/2019,68,32,11,4,1, 
18/04/2019,70,33,9,5,1, 
19/04/2019,73,48,24,9,1, 
20/04/2019,99,55,11,5,1, 
21/04/2019,105,34,11,5,1, 
22/04/2019,76,39,20,11,1, 
23/04/2019,75,37,22,9,1, 
24/04/2019,75,39,22,9,1, 
25/04/2019,82,46,17,14,1, 
26/04/2019,94,49,9,11,1, 
27/04/2019,97,26,10,6,1, 
28/04/2019,69,24,11,7,1, 
29/04/2019,59,27,8,6,1, 
30/04/2019,56,28,15,11,1, 
01/05/2019,51,25,13,12,1, 
02/05/2019,52,28,15,9,3, 
03/05/2019,61,25,13,7,1, 
04/05/2019,56,31,6,6,1, 
05/05/2019,50,47,16,6,1, 
06/05/2019,79,60,16,11,1, 
07/05/2019,98,61,17,11,1, 
08/05/2019,107,61,16,9,1, 
09/05/2019,106,55,18,13,1, 
10/05/2019,97,54,18,9,1, 
11/05/2019,98,55,16,11,1, 
12/05/2019,104,39,13,15,1, 
13/05/2019,80,43,9,13,1, 
14/05/2019,89,55,13,9,1, 
15/05/2019,109,51,10,10,1, 
16/05/2019,98,49,11,11,1, 
17/05/2019,88,58,14,11,2, 
18/05/2019,95,53,15,6,1, 
19/05/2019,84,42,16,5,1, 
20/05/2019,85,43,12,8,1, 
21/05/2019,82,38,10,12,1, 
22/05/2019,72,34,9,12,1, 
23/05/2019,68,35,13,9,1, 
24/05/2019,71,40,11,8,1, 
25/05/2019,75,32,11,6,1, 
26/05/2019,66,38,7,10,1, 
27/05/2019,79,41,4,8,1, 
28/05/2019,76,23,8,10,1, 
29/05/2019,50,24,3,10,1, 
30/05/2019,51,30,9,9,1, 
31/05/2019,61,28,11,9,1, 
01/06/2019,55,26,8,7,1, 
02/06/2019,56,33,10,9,1, 
03/06/2019,64,30,19,10,1, 
04/06/2019,62,45,7,9,1, 
05/06/2019,59,36,9,17,1, 
06/06/2019,71,36,11,16,1, 
07/06/2019,75,37,12,10,1, 
08/06/2019,68,28,9,7,1, 
09/06/2019,57,25,8,7,1, 
10/06/2019,48,25,4,10,1,10
11/06/2019,58,23,6,5,1, 
12/06/2019,49,23,8,5,1, 
13/06/2019,51,24,10,5,1, 
14/06/2019,49,27,14,6,1, 
15/06/2019,53,30,8,8,1, 
16/06/2019,58,31,6,6,1, 
17/06/2019,48,21,6,7, , 
18/06/2019,44,20,6,7,1, 
19/06/2019,44,34,3,10,1, 
20/06/2019,63,37,3,7,1, 
21/06/2019,68,32,2,4,1, 
22/06/2019,64,29,2,4,1, 
23/06/2019,66,25,3,5,1, 
24/06/2019,60,26,3,10,1, 
25/06/2019,53,24,9,7, , 
26/06/2019,63,27,6,10,1, 
27/06/2019,62,31,7,7,1, 
28/06/2019,63,25,8,6,1, 
29/06/2019,51,21,8,6,1, 
30/06/2019,52,32,6,10,1, 
01/07/2019,66,43,6,9,1, 
02/07/2019,76,43,4,11,1, 
03/07/2019,71,63,3,9,1, 
04/07/2019,69,33,3,10,1, 
05/07/2019,66,43,2,10,1, 
06/07/2019,74,37,3,7,1, 
07/07/2019,61,35,7,8,1, 
08/07/2019,62,35,8,8,3, 
09/07/2019,67,43,9,8,1, 
10/07/2019,71,59,10,7,2, 
11/07/2019,81,39,11,5,1, 
12/07/2019,66,34,10,6,1, 
13/07/2019,61,26,4,4,1, 
14/07/2019,49,24,5,6,1, 
15/07/2019,50,22,12,6,1, 
16/07/2019,43,24,10,7,1, 
17/07/2019,51,22,13,7,1, 
18/07/2019,53,24,11,7,1, 
19/07/2019,54,27,13,9,1, 
20/07/2019,61,17,6,7,1, 
21/07/2019,54,27,5,10,1, 
22/07/2019,67,28,3,8,1, 
23/07/2019,66,39,2,8,1, 
24/07/2019,65,27,3,8,1, 
25/07/2019,87,34,15,9,1, 
26/07/2019,65,28,10,10,1, 
27/07/2019,50,33,11,7,1, 
28/07/2019,55,20,6,6,1, 
29/07/2019,39,25,7,7,1, 
30/07/2019,57,27,8,5,1, 
31/07/2019,57,25,6,6, , 
01/08/2019,49,24,7,8,1, 
02/08/2019,49,23,5,7,1, 
03/08/2019,51,18,6,7,1, 
04/08/2019,45,22,6,8,1, 
05/08/2019,47,24,7,8,1, 
06/08/2019,54,25,6,8, , 
07/08/2019,54,23,4,7,1, 
08/08/2019,60,25,6,8,1, 
09/08/2019,64,18,5,6,1, 
10/08/2019,48,18,6,4,1, 
11/08/2019,42,18,7,4,1, 
12/08/2019,46,24,5,7,1, 
13/08/2019,56,33,7,8,1, 
14/08/2019,67,32,10,6,1, 
15/08/2019,67,32,9,7,1, 
16/08/2019,70,22,5,6,1, 
17/08/2019,47,20,8,5,1, 
18/08/2019,41,27,10,8,1, 
19/08/2019,52,26,5,8,1, 
20/08/2019,55,23,8,9, , 
21/08/2019,43,25,5,7,1, 
22/08/2019,50,25,2,8, , 
23/08/2019,52,24,6,8,1, 
24/08/2019,46,20,7,5,1, 
25/08/2019,40,18,4,7,1, 
26/08/2019,34,24,5,8, , 
27/08/2019,46,22,8,8,1, 
28/08/2019,41,21,6,9,1, 
29/08/2019,46,25,3,9,1, 
30/08/2019,46,21,6,7,1, 
31/08/2019,47,18,4,6,1, 
01/09/2019,37,25,4,8,1, 
02/09/2019,51,23,2,9, , 
03/09/2019,53,26,3,9,1, 
04/09/2019,52,27,3,9,1, 
05/09/2019,58,28,7,9,1, 
06/09/2019,66,31,3,8,3, 
07/09/2019,60,26,6,7,4, 
08/09/2019,57,29,5,8,2, 
09/09/2019,57,26,3,8,1, 
10/09/2019,55,30,9,12,2, 
11/09/2019,59,29,4,10,3, 
12/09/2019,56,20,5,7,3, 
13/09/2019,42,24,5,10,1, 
14/09/2019,55,31,9,11,4, 
15/09/2019,63,28,7,14,2, 
16/09/2019,65,35,12,13,3, 
17/09/2019,76,31,13,17,2, 
18/09/2019,66,33,11,19,3, 
19/09/2019,74,33,15,14,3, 
20/09/2019,77,26,4,8,5, 
21/09/2019,58,33,10,6,3, 
22/09/2019,78,25,7,4,2, 
23/09/2019,62,41,16,7,1, 
24/09/2019,89,59,18,13,1, 
25/09/2019,116,59,20,22,1, 
26/09/2019,110,49,16,19,1, 
27/09/2019,102,62,24,20,2, 
28/09/2019,131,66,32,20,1, 
29/09/2019,141,77,30,18,2, 
30/09/2019,171,48,14,11,1, 
01/10/2019,106,37,17,13,1, 
02/10/2019,85,36,12,12,2, 
03/10/2019,78,45,6,17,1, 
04/10/2019,93,45,8,10,1, 
05/10/2019,90,33,10,15,2, 
06/10/2019,82,29,10,13,1, 
07/10/2019,72,34,11,17, , 
08/10/2019,72,26,9,18,1, 
09/10/2019,83,34,15,20,1, 
10/10/2019,101,41,14,20,2, 
11/10/2019,96,37,14,19,2, 
12/10/2019,88,23,5,11,2, 
13/10/2019,79,19,9,11,4, 
14/10/2019,65,31,9,12,2, 
15/10/2019,73,42,6,17,3, 
16/10/2019,73,46,10,19,1, 
17/10/2019,75,44,17,22,2, 
18/10/2019,75,46,18,17,2, 
19/10/2019,83,46,15,15,1, 
20/10/2019,82,50,23,15,1, 
21/10/2019,92,69,27,22,1, 
22/10/2019,148,46,19,8,1, 
23/10/2019,94,36,12,8,1, 
24/10/2019,80,42,18,12,1, 
25/10/2019,84,44,16,13,2, 
26/10/2019,90,32,15,10,3, 
27/10/2019,68,34,18,12,1, 
28/10/2019,73,37,13,15,1, 
29/10/2019,79,40,19,13,1, 
30/10/2019,78,48,21,15,1, 
31/10/2019,86,30,12,11,1, 
01/11/2019,62,36,8,14,1, 
02/11/2019,75,39,14,11,1, 
03/11/2019,85,41,22,14,2, 
04/11/2019,81,58,24,18, , 
05/11/2019,110,59,19,19,1, 
06/11/2019,122,61,15,18,1, 
07/11/2019,127,61,22,14,2, 
08/11/2019,120,60,22,12,1, 
09/11/2019,132,61,21,17, , 
10/11/2019,128,69,25,27,1, 
11/11/2019,131,62,13,24,1, 
12/11/2019,137,54,13,16,1, 
13/11/2019,113,41,6,15,1, 
14/11/2019,81,46,16,15,1, 
15/11/2019,88,54,20,18,1, 
16/11/2019,109,56,27,16,1, 
17/11/2019,113,55,15,20,3, 
18/11/2019,99,51,16,16, , 
19/11/2019,88,40,13,12, , 
20/11/2019,78,41,18,13,1, 
21/11/2019,85,44,16,17,1, 
22/11/2019,87,51,18,23,2, 
23/11/2019,107,49,20,20,2, 
24/11/2019,99,55,15,21,1, 
25/11/2019,111,46,15,19,2, 
26/11/2019,90,47,10,18,1, 
27/11/2019,87,38,10,10,3, 
28/11/2019,72,35,17,12,1, 
29/11/2019,74,36,8,16,1, 
30/11/2019,73,39,14,15,2, 
01/12/2019,79,36,11,12,1, 
02/12/2019,66,44,15,12,2, 
03/12/2019,84,51,20,9,1, 
04/12/2019,104,51,24,7,2, 
05/12/2019,107,60,23,15,2, 
06/12/2019,119,58,21,14,4, 
07/12/2019,103,68,23,21,4, 
08/12/2019,134,64,17,16,3, 
09/12/2019,129,68,22,23,1, 
10/12/2019,137,74,18,32,1, 
11/12/2019,149,67,16,27,1, 
12/12/2019,138,68,16,20,1, 
13/12/2019,142,63,13,17,1, 
14/12/2019,128,67,3,20,1, 
15/12/2019,123,61,14,21,1, 
16/12/2019,113,59,12,24,1, 
17/12/2019,115,60,14,21,1, 
18/12/2019,116,59,16,20,1, 
19/12/2019,117,57,13,18,1, 
20/12/2019,114,57,15,18,1, 
21/12/2019,113,50,13,16,2, 
22/12/2019,99,50,14,16,1, 
23/12/2019,97,52,15,13,1, 
24/12/2019,103,54,15,16,1, 
25/12/2019,108,51,14,15,1, 
26/12/2019,102,57,14,15,1, 
27/12/2019,119,57,15,14,1, 
28/12/2019,115,59,17,15,1, 
29/12/2019,127, , , , , 
31/12/2019, ,36,12,11,1, 
01/01/2020,74,46,12,15,1, 
02/01/2020,93,52,12,19,1, 
03/01/2020,102,56,16,19,1, 
04/01/2020,121,61,15,17,1, 
05/01/2020,130,66,14,28,1, 
06/01/2020,135,69,17,23,1, 
07/01/2020,139,71,16,22,1, 
08/01/2020,149,70,18,21,1, 
09/01/2020,140,93,14,31,2, 
10/01/2020,180,64,16,15,1, 
11/01/2020,138,56,16,10,2, 
12/01/2020,120,56,13,12,1, 
13/01/2020,116,56,13,13,1, 
14/01/2020,112,61,14,15,1, 
15/01/2020,122,67,16,13,1, 
16/01/2020,127,70,19,16,1, 
17/01/2020,143,74,15,12,1, 
18/01/2020,162,72,19,11,1, 
19/01/2020,159,76,17,17,1, 
20/01/2020,163,67,18,14,1, 
21/01/2020,147,63,4,16,1, 
22/01/2020,124,58,13,10, , 
23/01/2020,115,48,9,8,1, 
24/01/2020,84,39,10,5, , 
25/01/2020,69,33,10,7,1, 
26/01/2020,62,40,10,10,1, 
27/01/2020,81,47,14,12,1, 
28/01/2020,101,49,21,16,1, 
29/01/2020,104,56,21,16,1, 
30/01/2020,110,68,20,13,1, 
31/01/2020,138,88,27,17,1, 
01/02/2020,161,85,27,15,1, 
02/02/2020,162,80,23,13,1, 
03/02/2020,159,71,18,10,1, 
04/02/2020,145,58,18,10,1, 
05/02/2020,109,48,15,9,1, 
06/02/2020,91,59,19,13,1, 
07/02/2020,108,59,22,11,1, 
08/02/2020,118,72,17,15,1, 
09/02/2020,138,75,20,13,1, 
10/02/2020,138,71,22,15,1, 
11/02/2020,154,58,14,9,1, 
12/02/2020,126,32,8,6, , 
13/02/2020,58,29,6,5,1, 
14/02/2020,55,37,11,8,1, 
15/02/2020,75,26,9,7,1, 
16/02/2020,58,38,14,11, , 
17/02/2020,73,62,15,12,1, 
18/02/2020,118,81,21,17,1, 
19/02/2020,149,86,19,19,1, 
20/02/2020,167,79,19,15,1, 
21/02/2020,154,82,17,14,1, 
22/02/2020,150,80,22,14,1, 
23/02/2020,151,87,22,19,1, 
24/02/2020,166,89,25,14,1, 
25/02/2020,164,73,20,11,1, 
26/02/2020,145,75,12,17,1, 
27/02/2020,140,50,13,10,1, 
28/02/2020,104,49,13,9,1, 
29/02/2020,96,51,14,7, , 
01/03/2020,91,47,12,6, , 
02/03/2020,91,33,6,4,1, 
03/03/2020,66,29,6,6,1, 
04/03/2020,56,31,6,6, , 
05/03/2020,63,30,8,6, , 
06/03/2020,63,32,6,6, , 
07/03/2020,66,40,12,6, , 
08/03/2020,83,56,24,10, , 
09/03/2020,119,49,14,9, , 
10/03/2020,107,54,14,10,1, 
11/03/2020,111,44,8,6, , 
12/03/2020,94,37,6,5, , 
13/03/2020,80,35,7,5, , 
14/03/2020,72,37,5,9, , 
15/03/2020,81,57,12,15, , 
16/03/2020,109,46,13,4, , 
17/03/2020,79,44,9,5, , 
18/03/2020,84,40,11,5, , 
19/03/2020,75,36,11,5, , 
20/03/2020,75,35,13,5, , 
21/03/2020,79,29,13,5, , 
22/03/2020,69,30,14,7,1, 
23/03/2020,65,29,9,6, , 
24/03/2020,63,30,10,4, , 
25/03/2020,68,25,6,4, , 
26/03/2020,59,27,7,4, , 
27/03/2020,58,43,17,7, , 
28/03/2020,85,32,10,3, , 
29/03/2020,75,34,9,4, , 
30/03/2020,75,42,6,3, , 
31/03/2020,96,32,9,3, , 
01/04/2020,73,29,8,3, , 
02/04/2020,64,26,7,3, , 
03/04/2020,55,28,11,3, , 
04/04/2020,62,28,11,3, , 
05/04/2020,63,28,6,2, , 
06/04/2020,61,39,9,4,10, 
07/04/2020,74,37,6,6, , 
08/04/2020,70,30,9,4, , 
09/04/2020,61,29,13,4, , 
10/04/2020,69,30,9,5, , 
11/04/2020,73,19,9,2, , 
12/04/2020,68,40,12,12, , 
13/04/2020,89,50,23,7, , 
14/04/2020,110,44,21,7, , 
15/04/2020,90,27,12,4, , 
16/04/2020,69,23,11,3,8, 
17/04/2020,56,23,14,4, , 
18/04/2020,53,26,11,6, , 
19/04/2020,57,23,11,4, , 
20/04/2020,60,22,10,3,6, 
21/04/2020,53,31,14,5, , 
22/04/2020,68,34,18,4, , 
23/04/2020,70,31,18,8, , 
24/04/2020,72,34,10,8, , 
25/04/2020,75,47,29,13, , 
26/04/2020,90,52,20,13, , 
27/04/2020,114,46,33,7, , 
28/04/2020,97,51,23,9, , 
29/04/2020,108,40,18,7, , 
30/04/2020,87,31,16,3, , 
01/05/2020,70,27,12,3, , 
02/05/2020,61,27,11,2, , 
03/05/2020,58,30,15,3, , 
04/05/2020,68,32,16,5, , 
05/05/2020,70,28,11,3, , 
06/05/2020,65,24,10,2, , 
07/05/2020,56,25,5,3, , 
08/05/2020,52,17,7,3, , 
09/05/2020,37,16,8,4, , 
10/05/2020,34,25,5,4, , 
11/05/2020,49,37,22,7, , 
12/05/2020,76,23,11,3, , 
13/05/2020,57,25,12,3, , 
14/05/2020,54,22,9,3, , 
15/05/2020,53,24,9,2, , 
16/05/2020,58,23,9,3, , 
17/05/2020,57,25,10,4, , 
18/05/2020,55,20,9,4, , 
19/05/2020,49,24,9,3, , 
20/05/2020,56,28,10,3, , 
21/05/2020,61,40,17,5, , 
22/05/2020,85,47,11,5, , 
23/05/2020,85,46,9,5, , 
24/05/2020,87,39,6,7, , 
25/05/2020,91,39,10,8, , 
26/05/2020,92,24,10,7, , 
27/05/2020,53,23,12,6, , 
28/05/2020,50,26,15,7, , 
29/05/2020,54,18,10,6, , 
30/05/2020,42,18,8,4, , 
31/05/2020,47,23,11,4, , 
01/06/2020,48,18,9,3, , 
02/06/2020,43,20,8,5, , 
03/06/2020,48,24,9,7, , 
04/06/2020,53,22,4,7, , 
05/06/2020,48,20,8,5, , 
06/06/2020,39,17,7,4, , 
07/06/2020,32,16,6,4, , 
08/06/2020,34,21,4,5, , 
09/06/2020,45,18,5,5, , 
10/06/2020,40,23,12,6, , 
11/06/2020,54,22,13,7, , 
12/06/2020,46,21,16,5, , 
13/06/2020,47,21,13,4, , 
14/06/2020,52,18,5,5, , 
15/06/2020,42,17,6,5, , 
16/06/2020,42,21,4,7, , 
17/06/2020,49,25,8,9, , 
18/06/2020,61,23,6,7, , 
19/06/2020,59,23,13,6, , 
20/06/2020,52,22,15,5, , 
21/06/2020,52,26,8,8, , 
22/06/2020,60,25,16,9, , 
23/06/2020,60,26,15,7, , 
24/06/2020,61,25,12,7, , 
25/06/2020,54,20,7,6, , 
26/06/2020,48,22,12,8, , 
27/06/2020,54,19,11,6, , 
28/06/2020,50,21,11,5, , 
29/06/2020,48,20,9,7, , 
30/06/2020,48,21,8,7, , 
01/07/2020,46,21,4,7, , 
02/07/2020,45,22,4,7, , 
03/07/2020,54,29,9,8, , 
04/07/2020,60,23,7,5, , 
05/07/2020,54,23,10,3, , 
06/07/2020,50,23,14,3, , 
07/07/2020,53,19,6,5,1, 
08/07/2020,47,23,12,5,2, 
09/07/2020,50,22,5,6,2, 
10/07/2020,53,26,7,7,1, 
11/07/2020,50,24,13,7,2, 
12/07/2020,50,27,9,9,1, 
13/07/2020,42,24,6,8,1, 
14/07/2020,53,26,7,8,2, 
15/07/2020,57,25,11,7,2, 
16/07/2020,52,26,13,7,2, 
17/07/2020,52,27,13,8,1, 
18/07/2020,66,17,6,4,2, 
19/07/2020,41,29,4,10,2, 
20/07/2020,63,37, ,12,2, 
21/07/2020,69, , , , , 
